{"name":"promptcloud_product-data-from-walmart-usa","title":"Product data from Walmart USA","description":"This dataset contains product data available on Walmart.com in the USA.","homepage":"https://data.world/promptcloud/product-data-from-walmart-usa","resources":[{"name":"walmart_com_ecommerce_product_details","schema":{"fields":[{"name":"uniq_id","title":"Uniq Id","type":"string","rdfType":"http://www.w3.org/2001/XMLSchema#string","dwSourceId":"uniq_id"},{"name":"crawl_timestamp","title":"Crawl Timestamp","type":"string","rdfType":"http://www.w3.org/2001/XMLSchema#string","dwSourceId":"crawl_timestamp"},{"name":"product_url","title":"Product Url","type":"string","rdfType":"http://www.w3.org/2001/XMLSchema#anyURI","dwSourceId":"product_url"},{"name":"product_name","title":"Product Name","type":"string","rdfType":"http://www.w3.org/2001/XMLSchema#string","dwSourceId":"product_name"},{"name":"description","title":"Description","type":"string","rdfType":"http://www.w3.org/2001/XMLSchema#string","dwSourceId":"description"},{"name":"list_price","title":"List Price","type":"number","rdfType":"http://www.w3.org/2001/XMLSchema#decimal","dwSourceId":"list_price"},{"name":"sale_price","title":"Sale Price","type":"number","rdfType":"http://www.w3.org/2001/XMLSchema#decimal","dwSourceId":"sale_price"},{"name":"brand","title":"Brand","type":"string","rdfType":"http://www.w3.org/2001/XMLSchema#string","dwSourceId":"brand"},{"name":"item_number","title":"Item Number","type":"integer","rdfType":"http://www.w3.org/2001/XMLSchema#integer","dwSourceId":"item_number"},{"name":"gtin","title":"Gtin","type":"integer","rdfType":"http://www.w3.org/2001/XMLSchema#integer","dwSourceId":"gtin"},{"name":"package_size","title":"Package Size","type":"string","rdfType":"http://www.w3.org/2001/XMLSchema#string","dwSourceId":"package_size"},{"name":"category","title":"Category","type":"string","rdfType":"http://www.w3.org/2001/XMLSchema#string","dwSourceId":"category"},{"name":"postal_code","title":"Postal Code","type":"string","rdfType":"http://www.w3.org/2001/XMLSchema#string","dwSourceId":"postal_code"},{"name":"available","title":"Available","type":"boolean","rdfType":"http://www.w3.org/2001/XMLSchema#boolean","dwSourceId":"available"}]},"path":"data/walmart_com_ecommerce_product_details.csv","format":"csv"},{"name":"original/walmart_com-ecommerce_product_details.csv","path":"original/walmart_com-ecommerce_product_details.csv","format":"csv","mediatype":"text/csv","bytes":39064785}],"keywords":["ecommerce","products","retail","price data"]}